{
    "FIRST": [
        "{int}",
        "{increment,decrement,'',variable,write,read,if,selector,loop,until,int,float,char}",
        "{write,read,if,selector,loop,until}",
        "{write}",
        "{read}",
        "{if}",
        "{selector}",
        "{loop}",
        "{until}",
        "{string}",
        "{int,float,char}",
        "{string}",
        "{,,''}",
        "{variable,number,+,-}",
        "{<,>,<=,>=,==,!=}",
        "{select,other}",
        "{variable,int,float,char}",
        "{increment,decrement,variable}",
        "{variable}",
        "{+,-,*,/,=}",
        "{variable}",
        "{=,+=,-=,*=,/=}",
        "{(,variable,number,+,-}",
        "{+,-,''}",
        "{(,variable,number,+,-}",
        "{*,/,''}",
        "{(,variable,number,+,-}",
        "{variable,number,+,-}",
        "{+,-}",
        "{variable,number}",
        "{+=,-=,*=,/=}",
        "{int,float,char}",
        "{=,''}",
        "{int,float,char}"
    ],
    "FOLLOW": [
        "{$}",
        "{},break}",
        "{increment,decrement,},variable,write,read,if,selector,loop,until,int,float,char,break}",
        "{;}",
        "{;}",
        "{increment,decrement,},variable,write,read,if,selector,loop,until,int,float,char,break}",
        "{increment,decrement,},variable,write,read,if,selector,loop,until,int,float,char,break}",
        "{increment,decrement,},variable,write,read,if,selector,loop,until,int,float,char,break}",
        "{increment,decrement,},variable,write,read,if,selector,loop,until,int,float,char,break}",
        "{)}",
        "{)}",
        "{)}",
        "{)}",
        "{),&}",
        "{variable,number,+,-}",
        "{}}",
        "{&}",
        "{)}",
        "{)}",
        "{variable,number,+,-}",
        "{;,)}",
        "{;,)}",
        "{;,)}",
        "{;,)}",
        "{+,-,;,)}",
        "{+,-,;,)}",
        "{*,/,+,-,;,)}",
        "{<,>,<=,>=,==,!=,),&,:,*,/,+,-,;}",
        "{<,>,<=,>=,==,!=,),&,:,*,/,+,-,;}",
        "{<,>,<=,>=,==,!=,),&,:,*,/,+,-,;}",
        "{(,variable,number,+,-}",
        "{;,&}",
        "{;,&}",
        "{,,variable}"
    ],
    "Nonterminal": [
        "S",
        "STATEMENT",
        "RULE",
        "WRITE",
        "READ",
        "IF",
        "SELECTOR",
        "LOOP",
        "UNTIL",
        "OUTPUT",
        "INPUT",
        "STRING_VARIABLE",
        "VAR_OUT",
        "BOOLEAN_EXP",
        "RELOP",
        "SELECTOR_STM",
        "LOOP_INITIAL",
        "CONTROL",
        "MANUAL",
        "OPERATION",
        "MATH",
        "MATH'",
        "EXPRESSION",
        "EXPRESSION'",
        "TERM",
        "TERM'",
        "FACTOR",
        "IDENTIFIER",
        "S_IDENTIFIER",
        "S_IDENTIFIER'",
        "OPERATION_ASSI",
        "INITIALIZATION",
        "INITIALIZATION'",
        "DATATYPE"
    ],
    "int": [
        "S       ->  int main ( ) { STATEMENT }",
        "STATEMENT   ->  INITIALIZATION ; STATEMENT",
        "",
        "",
        "",
        "",
        "",
        "",
        "",
        "",
        "INPUT      ->  DATATYPE , variable",
        "",
        "",
        "",
        "",
        "",
        "LOOP_INITIAL  ->  INITIALIZATION",
        "",
        "",
        "",
        "",
        "",
        "",
        "",
        "",
        "",
        "",
        "",
        "",
        "",
        "",
        "INITIALIZATION ->  DATATYPE variable INITIALIZATION'",
        "",
        "DATATYPE    ->  int"
    ],
    "main": [
        "",
        "",
        "",
        "",
        "",
        "",
        "",
        "",
        "",
        "",
        "",
        "",
        "",
        "",
        "",
        "",
        "",
        "",
        "",
        "",
        "",
        "",
        "",
        "",
        "",
        "",
        "",
        "",
        "",
        "",
        "",
        "",
        "",
        ""
    ],
    "(": [
        "",
        "",
        "",
        "",
        "",
        "",
        "",
        "",
        "",
        "",
        "",
        "",
        "",
        "",
        "",
        "",
        "",
        "",
        "",
        "",
        "",
        "",
        "EXPRESSION   ->  TERM EXPRESSION'",
        "",
        "TERM      ->  FACTOR TERM'",
        "",
        "FACTOR     ->  ( MATH )",
        "",
        "",
        "",
        "",
        "",
        "",
        ""
    ],
    ")": [
        "",
        "",
        "",
        "",
        "",
        "",
        "",
        "",
        "",
        "",
        "",
        "",
        "VAR_OUT     ->  ''",
        "",
        "",
        "",
        "",
        "",
        "",
        "",
        "",
        "",
        "",
        "EXPRESSION'  ->  ''",
        "",
        "TERM'     ->  ''",
        "",
        "",
        "",
        "",
        "",
        "",
        "",
        ""
    ],
    "{": [
        "",
        "",
        "",
        "",
        "",
        "",
        "",
        "",
        "",
        "",
        "",
        "",
        "",
        "",
        "",
        "",
        "",
        "",
        "",
        "",
        "",
        "",
        "",
        "",
        "",
        "",
        "",
        "",
        "",
        "",
        "",
        "",
        "",
        ""
    ],
    "}": [
        "",
        "STATEMENT   ->  ''",
        "",
        "",
        "",
        "",
        "",
        "",
        "",
        "",
        "",
        "",
        "",
        "",
        "",
        "",
        "",
        "",
        "",
        "",
        "",
        "",
        "",
        "",
        "",
        "",
        "",
        "",
        "",
        "",
        "",
        "",
        "",
        ""
    ],
    ";": [
        "",
        "",
        "",
        "",
        "",
        "",
        "",
        "",
        "",
        "",
        "",
        "",
        "",
        "",
        "",
        "",
        "",
        "",
        "",
        "",
        "",
        "",
        "",
        "EXPRESSION'  ->  ''",
        "",
        "TERM'     ->  ''",
        "",
        "",
        "",
        "",
        "",
        "",
        "INITIALIZATION'->  ''",
        ""
    ],
    "increment": [
        "",
        "STATEMENT   ->  increment ; STATEMENT",
        "",
        "",
        "",
        "",
        "",
        "",
        "",
        "",
        "",
        "",
        "",
        "",
        "",
        "",
        "",
        "CONTROL    ->  increment",
        "",
        "",
        "",
        "",
        "",
        "",
        "",
        "",
        "",
        "",
        "",
        "",
        "",
        "",
        "",
        ""
    ],
    "decrement": [
        "",
        "STATEMENT   ->  decrement ; STATEMENT",
        "",
        "",
        "",
        "",
        "",
        "",
        "",
        "",
        "",
        "",
        "",
        "",
        "",
        "",
        "",
        "CONTROL    ->  decrement",
        "",
        "",
        "",
        "",
        "",
        "",
        "",
        "",
        "",
        "",
        "",
        "",
        "",
        "",
        "",
        ""
    ],
    "write": [
        "",
        "STATEMENT   ->  RULE STATEMENT",
        "RULE      ->  WRITE ;",
        "WRITE     ->  write ( OUTPUT )",
        "",
        "",
        "",
        "",
        "",
        "",
        "",
        "",
        "",
        "",
        "",
        "",
        "",
        "",
        "",
        "",
        "",
        "",
        "",
        "",
        "",
        "",
        "",
        "",
        "",
        "",
        "",
        "",
        "",
        ""
    ],
    "read": [
        "",
        "STATEMENT   ->  RULE STATEMENT",
        "RULE      ->  READ ;",
        "",
        "READ      ->  read ( INPUT )",
        "",
        "",
        "",
        "",
        "",
        "",
        "",
        "",
        "",
        "",
        "",
        "",
        "",
        "",
        "",
        "",
        "",
        "",
        "",
        "",
        "",
        "",
        "",
        "",
        "",
        "",
        "",
        "",
        ""
    ],
    "if": [
        "",
        "STATEMENT   ->  RULE STATEMENT",
        "RULE      ->  IF",
        "",
        "",
        "IF       ->  if ( BOOLEAN_EXP ) so { STATEMENT }",
        "",
        "",
        "",
        "",
        "",
        "",
        "",
        "",
        "",
        "",
        "",
        "",
        "",
        "",
        "",
        "",
        "",
        "",
        "",
        "",
        "",
        "",
        "",
        "",
        "",
        "",
        "",
        ""
    ],
    "so": [
        "",
        "",
        "",
        "",
        "",
        "",
        "",
        "",
        "",
        "",
        "",
        "",
        "",
        "",
        "",
        "",
        "",
        "",
        "",
        "",
        "",
        "",
        "",
        "",
        "",
        "",
        "",
        "",
        "",
        "",
        "",
        "",
        "",
        ""
    ],
    "selector": [
        "",
        "STATEMENT   ->  RULE STATEMENT",
        "RULE      ->  SELECTOR",
        "",
        "",
        "",
        "SELECTOR    ->  selector : variable { SELECTOR_STM }",
        "",
        "",
        "",
        "",
        "",
        "",
        "",
        "",
        "",
        "",
        "",
        "",
        "",
        "",
        "",
        "",
        "",
        "",
        "",
        "",
        "",
        "",
        "",
        "",
        "",
        "",
        ""
    ],
    ":": [
        "",
        "",
        "",
        "",
        "",
        "",
        "",
        "",
        "",
        "",
        "",
        "",
        "",
        "",
        "",
        "",
        "",
        "",
        "",
        "",
        "",
        "",
        "",
        "",
        "",
        "",
        "",
        "",
        "",
        "",
        "",
        "",
        "",
        ""
    ],
    "variable": [
        "",
        "STATEMENT   ->  MATH ; STATEMENT",
        "",
        "",
        "",
        "",
        "",
        "",
        "",
        "",
        "",
        "",
        "",
        "BOOLEAN_EXP  ->  IDENTIFIER RELOP IDENTIFIER",
        "",
        "",
        "LOOP_INITIAL  ->  variable",
        "CONTROL    ->  MANUAL",
        "MANUAL     ->  variable OPERATION IDENTIFIER",
        "",
        "MATH      ->  variable MATH'",
        "",
        "EXPRESSION   ->  TERM EXPRESSION'",
        "",
        "TERM      ->  FACTOR TERM'",
        "",
        "FACTOR     ->  IDENTIFIER",
        "IDENTIFIER   ->  variable",
        "",
        "S_IDENTIFIER' ->  variable",
        "",
        "",
        "",
        ""
    ],
    "loop": [
        "",
        "STATEMENT   ->  RULE STATEMENT",
        "RULE      ->  LOOP",
        "",
        "",
        "",
        "",
        "LOOP      ->  loop ( LOOP_INITIAL & BOOLEAN_EXP & CONTROL ) { STATEMENT }",
        "",
        "",
        "",
        "",
        "",
        "",
        "",
        "",
        "",
        "",
        "",
        "",
        "",
        "",
        "",
        "",
        "",
        "",
        "",
        "",
        "",
        "",
        "",
        "",
        "",
        ""
    ],
    "&": [
        "",
        "",
        "",
        "",
        "",
        "",
        "",
        "",
        "",
        "",
        "",
        "",
        "",
        "",
        "",
        "",
        "",
        "",
        "",
        "",
        "",
        "",
        "",
        "",
        "",
        "",
        "",
        "",
        "",
        "",
        "",
        "",
        "INITIALIZATION'->  ''",
        ""
    ],
    "until": [
        "",
        "STATEMENT   ->  RULE STATEMENT",
        "RULE      ->  UNTIL",
        "",
        "",
        "",
        "",
        "",
        "UNTIL     ->  until ( BOOLEAN_EXP ) { STATEMENT }",
        "",
        "",
        "",
        "",
        "",
        "",
        "",
        "",
        "",
        "",
        "",
        "",
        "",
        "",
        "",
        "",
        "",
        "",
        "",
        "",
        "",
        "",
        "",
        "",
        ""
    ],
    ",": [
        "",
        "",
        "",
        "",
        "",
        "",
        "",
        "",
        "",
        "",
        "",
        "",
        "VAR_OUT     ->  , variable",
        "",
        "",
        "",
        "",
        "",
        "",
        "",
        "",
        "",
        "",
        "",
        "",
        "",
        "",
        "",
        "",
        "",
        "",
        "",
        "",
        ""
    ],
    "string": [
        "",
        "",
        "",
        "",
        "",
        "",
        "",
        "",
        "",
        "OUTPUT     ->  STRING_VARIABLE",
        "",
        "STRING_VARIABLE ->  string VAR_OUT",
        "",
        "",
        "",
        "",
        "",
        "",
        "",
        "",
        "",
        "",
        "",
        "",
        "",
        "",
        "",
        "",
        "",
        "",
        "",
        "",
        "",
        ""
    ],
    "<": [
        "",
        "",
        "",
        "",
        "",
        "",
        "",
        "",
        "",
        "",
        "",
        "",
        "",
        "",
        "RELOP     ->  <",
        "",
        "",
        "",
        "",
        "",
        "",
        "",
        "",
        "",
        "",
        "",
        "",
        "",
        "",
        "",
        "",
        "",
        "",
        ""
    ],
    ">": [
        "",
        "",
        "",
        "",
        "",
        "",
        "",
        "",
        "",
        "",
        "",
        "",
        "",
        "",
        "RELOP     ->  >",
        "",
        "",
        "",
        "",
        "",
        "",
        "",
        "",
        "",
        "",
        "",
        "",
        "",
        "",
        "",
        "",
        "",
        "",
        ""
    ],
    "<=": [
        "",
        "",
        "",
        "",
        "",
        "",
        "",
        "",
        "",
        "",
        "",
        "",
        "",
        "",
        "RELOP     ->  <=",
        "",
        "",
        "",
        "",
        "",
        "",
        "",
        "",
        "",
        "",
        "",
        "",
        "",
        "",
        "",
        "",
        "",
        "",
        ""
    ],
    ">=": [
        "",
        "",
        "",
        "",
        "",
        "",
        "",
        "",
        "",
        "",
        "",
        "",
        "",
        "",
        "RELOP     ->  >=",
        "",
        "",
        "",
        "",
        "",
        "",
        "",
        "",
        "",
        "",
        "",
        "",
        "",
        "",
        "",
        "",
        "",
        "",
        ""
    ],
    "==": [
        "",
        "",
        "",
        "",
        "",
        "",
        "",
        "",
        "",
        "",
        "",
        "",
        "",
        "",
        "RELOP     ->  ==",
        "",
        "",
        "",
        "",
        "",
        "",
        "",
        "",
        "",
        "",
        "",
        "",
        "",
        "",
        "",
        "",
        "",
        "",
        ""
    ],
    "!=": [
        "",
        "",
        "",
        "",
        "",
        "",
        "",
        "",
        "",
        "",
        "",
        "",
        "",
        "",
        "RELOP     ->  !=",
        "",
        "",
        "",
        "",
        "",
        "",
        "",
        "",
        "",
        "",
        "",
        "",
        "",
        "",
        "",
        "",
        "",
        "",
        ""
    ],
    "select": [
        "",
        "",
        "",
        "",
        "",
        "",
        "",
        "",
        "",
        "",
        "",
        "",
        "",
        "",
        "",
        "SELECTOR_STM  ->  select IDENTIFIER : STATEMENT break ; SELECTOR_STM",
        "",
        "",
        "",
        "",
        "",
        "",
        "",
        "",
        "",
        "",
        "",
        "",
        "",
        "",
        "",
        "",
        "",
        ""
    ],
    "break": [
        "",
        "STATEMENT   ->  ''",
        "",
        "",
        "",
        "",
        "",
        "",
        "",
        "",
        "",
        "",
        "",
        "",
        "",
        "",
        "",
        "",
        "",
        "",
        "",
        "",
        "",
        "",
        "",
        "",
        "",
        "",
        "",
        "",
        "",
        "",
        "",
        ""
    ],
    "other": [
        "",
        "",
        "",
        "",
        "",
        "",
        "",
        "",
        "",
        "",
        "",
        "",
        "",
        "",
        "",
        "SELECTOR_STM  ->  other : STATEMENT",
        "",
        "",
        "",
        "",
        "",
        "",
        "",
        "",
        "",
        "",
        "",
        "",
        "",
        "",
        "",
        "",
        "",
        ""
    ],
    "+": [
        "",
        "",
        "",
        "",
        "",
        "",
        "",
        "",
        "",
        "",
        "",
        "",
        "",
        "BOOLEAN_EXP  ->  IDENTIFIER RELOP IDENTIFIER",
        "",
        "",
        "",
        "",
        "",
        "OPERATION   ->  +",
        "",
        "",
        "EXPRESSION   ->  TERM EXPRESSION'",
        "EXPRESSION'  ->  + TERM EXPRESSION'",
        "TERM      ->  FACTOR TERM'",
        "TERM'     ->  ''",
        "FACTOR     ->  IDENTIFIER",
        "IDENTIFIER   ->  S_IDENTIFIER",
        "S_IDENTIFIER  ->  + S_IDENTIFIER'",
        "",
        "",
        "",
        "",
        ""
    ],
    "-": [
        "",
        "",
        "",
        "",
        "",
        "",
        "",
        "",
        "",
        "",
        "",
        "",
        "",
        "BOOLEAN_EXP  ->  IDENTIFIER RELOP IDENTIFIER",
        "",
        "",
        "",
        "",
        "",
        "OPERATION   ->  -",
        "",
        "",
        "EXPRESSION   ->  TERM EXPRESSION'",
        "EXPRESSION'  ->  - TERM EXPRESSION'",
        "TERM      ->  FACTOR TERM'",
        "TERM'     ->  ''",
        "FACTOR     ->  IDENTIFIER",
        "IDENTIFIER   ->  S_IDENTIFIER",
        "S_IDENTIFIER  ->  - S_IDENTIFIER'",
        "",
        "",
        "",
        "",
        ""
    ],
    "*": [
        "",
        "",
        "",
        "",
        "",
        "",
        "",
        "",
        "",
        "",
        "",
        "",
        "",
        "",
        "",
        "",
        "",
        "",
        "",
        "OPERATION   ->  *",
        "",
        "",
        "",
        "",
        "",
        "TERM'     ->  * FACTOR TERM'",
        "",
        "",
        "",
        "",
        "",
        "",
        "",
        ""
    ],
    "/": [
        "",
        "",
        "",
        "",
        "",
        "",
        "",
        "",
        "",
        "",
        "",
        "",
        "",
        "",
        "",
        "",
        "",
        "",
        "",
        "OPERATION   ->  /",
        "",
        "",
        "",
        "",
        "",
        "TERM'     ->  / FACTOR TERM'",
        "",
        "",
        "",
        "",
        "",
        "",
        "",
        ""
    ],
    "=": [
        "",
        "",
        "",
        "",
        "",
        "",
        "",
        "",
        "",
        "",
        "",
        "",
        "",
        "",
        "",
        "",
        "",
        "",
        "",
        "OPERATION   ->  =",
        "",
        "MATH'     ->  = EXPRESSION",
        "",
        "",
        "",
        "",
        "",
        "",
        "",
        "",
        "",
        "",
        "INITIALIZATION'->  = IDENTIFIER",
        ""
    ],
    "number": [
        "",
        "",
        "",
        "",
        "",
        "",
        "",
        "",
        "",
        "",
        "",
        "",
        "",
        "BOOLEAN_EXP  ->  IDENTIFIER RELOP IDENTIFIER",
        "",
        "",
        "",
        "",
        "",
        "",
        "",
        "",
        "EXPRESSION   ->  TERM EXPRESSION'",
        "",
        "TERM      ->  FACTOR TERM'",
        "",
        "FACTOR     ->  IDENTIFIER",
        "IDENTIFIER   ->  number",
        "",
        "S_IDENTIFIER' ->  number",
        "",
        "",
        "",
        ""
    ],
    "+=": [
        "",
        "",
        "",
        "",
        "",
        "",
        "",
        "",
        "",
        "",
        "",
        "",
        "",
        "",
        "",
        "",
        "",
        "",
        "",
        "",
        "",
        "MATH'     ->  OPERATION_ASSI EXPRESSION",
        "",
        "",
        "",
        "",
        "",
        "",
        "",
        "",
        "OPERATION_ASSI ->  +=",
        "",
        "",
        ""
    ],
    "-=": [
        "",
        "",
        "",
        "",
        "",
        "",
        "",
        "",
        "",
        "",
        "",
        "",
        "",
        "",
        "",
        "",
        "",
        "",
        "",
        "",
        "",
        "MATH'     ->  OPERATION_ASSI EXPRESSION",
        "",
        "",
        "",
        "",
        "",
        "",
        "",
        "",
        "OPERATION_ASSI ->  -=",
        "",
        "",
        ""
    ],
    "*=": [
        "",
        "",
        "",
        "",
        "",
        "",
        "",
        "",
        "",
        "",
        "",
        "",
        "",
        "",
        "",
        "",
        "",
        "",
        "",
        "",
        "",
        "MATH'     ->  OPERATION_ASSI EXPRESSION",
        "",
        "",
        "",
        "",
        "",
        "",
        "",
        "",
        "OPERATION_ASSI ->  *=",
        "",
        "",
        ""
    ],
    "/=": [
        "",
        "",
        "",
        "",
        "",
        "",
        "",
        "",
        "",
        "",
        "",
        "",
        "",
        "",
        "",
        "",
        "",
        "",
        "",
        "",
        "",
        "MATH'     ->  OPERATION_ASSI EXPRESSION",
        "",
        "",
        "",
        "",
        "",
        "",
        "",
        "",
        "OPERATION_ASSI ->  /=",
        "",
        "",
        ""
    ],
    "float": [
        "",
        "STATEMENT   ->  INITIALIZATION ; STATEMENT",
        "",
        "",
        "",
        "",
        "",
        "",
        "",
        "",
        "INPUT      ->  DATATYPE , variable",
        "",
        "",
        "",
        "",
        "",
        "LOOP_INITIAL  ->  INITIALIZATION",
        "",
        "",
        "",
        "",
        "",
        "",
        "",
        "",
        "",
        "",
        "",
        "",
        "",
        "",
        "INITIALIZATION ->  DATATYPE variable INITIALIZATION'",
        "",
        "DATATYPE    ->  float"
    ],
    "char": [
        "",
        "STATEMENT   ->  INITIALIZATION ; STATEMENT",
        "",
        "",
        "",
        "",
        "",
        "",
        "",
        "",
        "INPUT      ->  DATATYPE , variable",
        "",
        "",
        "",
        "",
        "",
        "LOOP_INITIAL  ->  INITIALIZATION",
        "",
        "",
        "",
        "",
        "",
        "",
        "",
        "",
        "",
        "",
        "",
        "",
        "",
        "",
        "INITIALIZATION ->  DATATYPE variable INITIALIZATION'",
        "",
        "DATATYPE    ->  char"
    ],
    "$": [
        "",
        "",
        "",
        "",
        "",
        "",
        "",
        "",
        "",
        "",
        "",
        "",
        "",
        "",
        "",
        "",
        "",
        "",
        "",
        "",
        "",
        "",
        "",
        "",
        "",
        "",
        "",
        "",
        "",
        "",
        "",
        "",
        "",
        ""
    ]
}